"DESCRIPTION","DURATION IN MS","NAME","PARENT SUITE","START TIME","STATUS","STOP TIME","SUB SUITE","SUITE","TEST CLASS","TEST METHOD"
"","7294","TC_071 — non-LinkedIn URL is rejected","firefox","2026-10-04","passed","2026-10-04","Negative — mandatory field validation","negative/validation.spec.ts","",""
"","3691","TC_002 — empty first name shows required error","mobile-chrome","2026-10-04","passed","2026-10-04","Negative — mandatory field validation","negative/validation.spec.ts","",""
"","4106","TC_022 — confirm password mismatch shows error","webkit","2026-10-04","passed","2026-10-04","Negative — mandatory field validation","negative/validation.spec.ts","",""
"","4484","TC_064 — form submission must trigger a profile creation API call","chromium","2026-10-04","passed","2026-10-04","Boundary & edge cases","edge-cases/boundary.spec.ts","",""
"","2262","TC_093 — submit empty form shows first required error","firefox","2026-10-04","passed","2026-10-04","Negative — mandatory field validation","negative/validation.spec.ts","",""
"","2018","TC_003 — first name with digits shows format error","chromium","2026-10-04","passed","2026-10-04","Negative — mandatory field validation","negative/validation.spec.ts","",""
"","2006","TC_003 — first name with digits shows format error","mobile-chrome","2026-10-04","passed","2026-10-04","Negative — mandatory field validation","negative/validation.spec.ts","",""
"","2185","TC_043 — phone number with 9 digits: document actual behaviour","chromium","2026-10-04","passed","2026-10-04","Boundary & edge cases","edge-cases/boundary.spec.ts","",""
"","2376","TC_038 — phone number with exactly 10 digits is accepted","firefox","2026-10-04","passed","2026-10-04","Boundary & edge cases","edge-cases/boundary.spec.ts","",""
"","2089","TC_037 — date of birth 1900-01-01 is accepted","mobile-chrome","2026-10-04","passed","2026-10-04","Boundary & edge cases","edge-cases/boundary.spec.ts","",""
"","7377","TC_051 — phone number over 10 digits is rejected","mobile-chrome","2026-10-04","passed","2026-10-04","Negative — mandatory field validation","negative/validation.spec.ts","",""
"","2329","TC_011 — email without @ shows format error","webkit","2026-10-04","passed","2026-10-04","Negative — mandatory field validation","negative/validation.spec.ts","",""
"","2054","TC_093 — submit empty form shows first required error","webkit","2026-10-04","passed","2026-10-04","Negative — mandatory field validation","negative/validation.spec.ts","",""
"","7453","TC_052 — phone with alphabetical characters is rejected","webkit","2026-10-04","passed","2026-10-04","Negative — mandatory field validation","negative/validation.spec.ts","",""
"","4075","TC_091 — successful registration with only mandatory fields","webkit","2026-10-04","passed","2026-10-04","Happy Path — User Registration","happy-path/registration.spec.ts","",""
"","2450","TC_005 — whitespace-only first name is treated as empty","chromium","2026-10-04","passed","2026-10-04","Boundary & edge cases","edge-cases/boundary.spec.ts","",""
"","2026","TC_011 — email without @ shows format error","chromium","2026-10-04","passed","2026-10-04","Negative — mandatory field validation","negative/validation.spec.ts","",""
"","5639","TC_001 — successful registration with all fields","webkit","2026-10-04","passed","2026-10-04","Happy Path — User Registration","happy-path/registration.spec.ts","",""
"","2524","TC_006 — single alphabetical character is accepted as first name","chromium","2026-10-04","passed","2026-10-04","Boundary & edge cases","edge-cases/boundary.spec.ts","",""
"","7406","TC_081 — non-GitHub URL is rejected","chromium","2026-10-04","passed","2026-10-04","Negative — mandatory field validation","negative/validation.spec.ts","",""
"","2249","TC_001 — successful registration with all fields","chromium","2026-10-04","passed","2026-10-04","Happy Path — User Registration","happy-path/registration.spec.ts","",""
"","2262","TC_035 — date of birth in the far future: document actual behaviour","chromium","2026-10-04","passed","2026-10-04","Boundary & edge cases","edge-cases/boundary.spec.ts","",""
"","7244","TC_081 — non-GitHub URL is rejected","mobile-chrome","2026-10-04","passed","2026-10-04","Negative — mandatory field validation","negative/validation.spec.ts","",""
"","7349","TC_081 — non-GitHub URL is rejected","firefox","2026-10-04","passed","2026-10-04","Negative — mandatory field validation","negative/validation.spec.ts","",""
"","2419","TC_001 — successful registration with all fields","firefox","2026-10-04","passed","2026-10-04","Happy Path — User Registration","happy-path/registration.spec.ts","",""
"","3134","TC_003 — first name with digits shows format error","firefox","2026-10-04","passed","2026-10-04","Negative — mandatory field validation","negative/validation.spec.ts","",""
"","4336","TC_064 — form submission must trigger a profile creation API call","firefox","2026-10-04","passed","2026-10-04","Boundary & edge cases","edge-cases/boundary.spec.ts","",""
"","2516","TC_002 — empty first name shows required error","firefox","2026-10-04","passed","2026-10-04","Negative — mandatory field validation","negative/validation.spec.ts","",""
"","2340","TC_091 — successful registration with only mandatory fields","firefox","2026-10-04","passed","2026-10-04","Happy Path — User Registration","happy-path/registration.spec.ts","",""
"","2634","TC_005 — whitespace-only first name is treated as empty","mobile-chrome","2026-10-04","passed","2026-10-04","Boundary & edge cases","edge-cases/boundary.spec.ts","",""
"","7340","TC_071 — non-LinkedIn URL is rejected","mobile-chrome","2026-10-04","passed","2026-10-04","Negative — mandatory field validation","negative/validation.spec.ts","",""
"","2588","TC_006 — single alphabetical character is accepted as first name","mobile-chrome","2026-10-04","passed","2026-10-04","Boundary & edge cases","edge-cases/boundary.spec.ts","",""
"","7396","TC_052 — phone with alphabetical characters is rejected","firefox","2026-10-04","passed","2026-10-04","Negative — mandatory field validation","negative/validation.spec.ts","",""
"","2383","TC_043 — phone number with 9 digits: document actual behaviour","webkit","2026-10-04","passed","2026-10-04","Boundary & edge cases","edge-cases/boundary.spec.ts","",""
"","4463","TC_064 — form submission must trigger a profile creation API call","webkit","2026-10-04","passed","2026-10-04","Boundary & edge cases","edge-cases/boundary.spec.ts","",""
"","7544","TC_051 — phone number over 10 digits is rejected","webkit","2026-10-04","passed","2026-10-04","Negative — mandatory field validation","negative/validation.spec.ts","",""
"","2230","TC_002 — empty first name shows required error","webkit","2026-10-04","passed","2026-10-04","Negative — mandatory field validation","negative/validation.spec.ts","",""
"","2328","TC_037 — date of birth 1900-01-01 is accepted","firefox","2026-10-04","passed","2026-10-04","Boundary & edge cases","edge-cases/boundary.spec.ts","",""
"","2335","TC_035 — date of birth in the far future: document actual behaviour","firefox","2026-10-04","passed","2026-10-04","Boundary & edge cases","edge-cases/boundary.spec.ts","",""
"","7354","TC_071 — non-LinkedIn URL is rejected","chromium","2026-10-04","passed","2026-10-04","Negative — mandatory field validation","negative/validation.spec.ts","",""
"","7370","TC_051 — phone number over 10 digits is rejected","chromium","2026-10-04","passed","2026-10-04","Negative — mandatory field validation","negative/validation.spec.ts","",""
"","2978","TC_005 — whitespace-only first name is treated as empty","webkit","2026-10-04","passed","2026-10-04","Boundary & edge cases","edge-cases/boundary.spec.ts","",""
"","7449","TC_071 — non-LinkedIn URL is rejected","webkit","2026-10-04","passed","2026-10-04","Negative — mandatory field validation","negative/validation.spec.ts","",""
"","4378","TC_006 — single alphabetical character is accepted as first name","webkit","2026-10-04","passed","2026-10-04","Boundary & edge cases","edge-cases/boundary.spec.ts","",""
"","3773","TC_005 — whitespace-only first name is treated as empty","firefox","2026-10-04","passed","2026-10-04","Boundary & edge cases","edge-cases/boundary.spec.ts","",""
"","2079","TC_038 — phone number with exactly 10 digits is accepted","mobile-chrome","2026-10-04","passed","2026-10-04","Boundary & edge cases","edge-cases/boundary.spec.ts","",""
"","2031","TC_091 — successful registration with only mandatory fields","mobile-chrome","2026-10-04","passed","2026-10-04","Happy Path — User Registration","happy-path/registration.spec.ts","",""
"","7342","TC_051 — phone number over 10 digits is rejected","firefox","2026-10-04","passed","2026-10-04","Negative — mandatory field validation","negative/validation.spec.ts","",""
"","2391","TC_037 — date of birth 1900-01-01 is accepted","webkit","2026-10-04","passed","2026-10-04","Boundary & edge cases","edge-cases/boundary.spec.ts","",""
"","2049","TC_022 — confirm password mismatch shows error","chromium","2026-10-04","passed","2026-10-04","Negative — mandatory field validation","negative/validation.spec.ts","",""
"","9328","TC_081 — non-GitHub URL is rejected","webkit","2026-10-04","passed","2026-10-04","Negative — mandatory field validation","negative/validation.spec.ts","",""
"","2031","TC_011 — email without @ shows format error","mobile-chrome","2026-10-04","passed","2026-10-04","Negative — mandatory field validation","negative/validation.spec.ts","",""
"","7370","TC_052 — phone with alphabetical characters is rejected","chromium","2026-10-04","passed","2026-10-04","Negative — mandatory field validation","negative/validation.spec.ts","",""
"","2055","TC_091 — successful registration with only mandatory fields","chromium","2026-10-04","passed","2026-10-04","Happy Path — User Registration","happy-path/registration.spec.ts","",""
"","2195","TC_038 — phone number with exactly 10 digits is accepted","chromium","2026-10-04","passed","2026-10-04","Boundary & edge cases","edge-cases/boundary.spec.ts","",""
"","2128","TC_035 — date of birth in the far future: document actual behaviour","mobile-chrome","2026-10-04","passed","2026-10-04","Boundary & edge cases","edge-cases/boundary.spec.ts","",""
"","2055","TC_022 — confirm password mismatch shows error","mobile-chrome","2026-10-04","passed","2026-10-04","Negative — mandatory field validation","negative/validation.spec.ts","",""
"","2251","TC_035 — date of birth in the far future: document actual behaviour","webkit","2026-10-04","passed","2026-10-04","Boundary & edge cases","edge-cases/boundary.spec.ts","",""
"","1913","TC_093 — submit empty form shows first required error","chromium","2026-10-04","passed","2026-10-04","Negative — mandatory field validation","negative/validation.spec.ts","",""
"","2283","TC_003 — first name with digits shows format error","webkit","2026-10-04","passed","2026-10-04","Negative — mandatory field validation","negative/validation.spec.ts","",""
"","7415","TC_052 — phone with alphabetical characters is rejected","mobile-chrome","2026-10-04","passed","2026-10-04","Negative — mandatory field validation","negative/validation.spec.ts","",""
"","4307","TC_038 — phone number with exactly 10 digits is accepted","webkit","2026-10-04","passed","2026-10-04","Boundary & edge cases","edge-cases/boundary.spec.ts","",""
"","3055","TC_043 — phone number with 9 digits: document actual behaviour","mobile-chrome","2026-10-04","passed","2026-10-04","Boundary & edge cases","edge-cases/boundary.spec.ts","",""
"","2383","TC_022 — confirm password mismatch shows error","firefox","2026-10-04","passed","2026-10-04","Negative — mandatory field validation","negative/validation.spec.ts","",""
"","3044","TC_001 — successful registration with all fields","mobile-chrome","2026-10-04","passed","2026-10-04","Happy Path — User Registration","happy-path/registration.spec.ts","",""
"","2401","TC_011 — email without @ shows format error","firefox","2026-10-04","passed","2026-10-04","Negative — mandatory field validation","negative/validation.spec.ts","",""
"","2010","TC_002 — empty first name shows required error","chromium","2026-10-04","passed","2026-10-04","Negative — mandatory field validation","negative/validation.spec.ts","",""
"","1938","TC_093 — submit empty form shows first required error","mobile-chrome","2026-10-04","passed","2026-10-04","Negative — mandatory field validation","negative/validation.spec.ts","",""
"","2332","TC_037 — date of birth 1900-01-01 is accepted","chromium","2026-10-04","passed","2026-10-04","Boundary & edge cases","edge-cases/boundary.spec.ts","",""
"","4470","TC_064 — form submission must trigger a profile creation API call","mobile-chrome","2026-10-04","passed","2026-10-04","Boundary & edge cases","edge-cases/boundary.spec.ts","",""
"","2417","TC_043 — phone number with 9 digits: document actual behaviour","firefox","2026-10-04","passed","2026-10-04","Boundary & edge cases","edge-cases/boundary.spec.ts","",""
"","3556","TC_006 — single alphabetical character is accepted as first name","firefox","2026-10-04","passed","2026-10-04","Boundary & edge cases","edge-cases/boundary.spec.ts","",""
